Ignore,DCLG Codes,ONS Codes,County and Local Authority area ,Region,Number of households 2008 mid-year estimate) (000s),White,Black or Black British,Asian or Asian British,Mixed,Chinese or Other Ethnic Group,Ethnic Group Not Stated,Total,No. per 1000.0 h/holds,Eligible homeless and in priority need but intentionally ,Eligible homeless but not in priority need,Eligible but not homeless ,Total decisions,Bed and breakfast (including shared annexe),Hostels (including women's refuges),LA/HA stock,Private sector leased (by LA or HA),Other Types (inc private landlord),Total in TA,No. per 1000.0 h/holds,Duty Owed but no accommodation has been secured
135,P4605,00CN,Birmingham,WEST MIDLANDS,406,461,273,177,61,68,62,"1,102",2.7,95,440,492,"2,129",70,83,149,424,0,726,1.8,918
199,U5360,00AM,Hackney,LONDON,90,85,91,11,1,21,10,219,2.4,27,61,60,367,39,424,92,641,100,"1,296",14.4,0
151,B0230,00KA,Luton UA,EAST of ENGLAND,73,69,39,43,5,2,1,159,2.2,4,1,115,279,45,0,15,523,0,583,8,0
109,H2835,34UH,Wellingborough,EAST MIDLANDS,32,45,1,1,1,0,0,48,1.5,2,12,25,87,4,0,0,30,0,34,1.1,20
201,Y5420,00AP,Haringey,LONDON,98,31,61,14,9,33,2,150,1.5,16,12,25,203,11,151,56,2274,802,"3,294",33.6,--
136,U4610,00CQ,Coventry,WEST MIDLANDS,127,103,28,10,8,6,21,176,1.4,32,137,72,417,31,0,0,0,1,32,0.3,18
216,L5240,00AH,Croydon,LONDON,146,59,83,13,14,8,20,197,1.4,20,66,254,537,147,9,541,443,338,"1,478",10.1,0
107,V2825,34UF,Northampton,EAST MIDLANDS,90,59,5,3,4,0,44,115,1.3,20,16,7,158,15,0,12,0,0,27,0.3,0
236,Z1775,00MR,Portsmouth UA,SOUTH EAST,83,95,9,0,1,4,0,109,1.3,15,8,6,138,7,0,0,35,23,65,0.8,20
70,U4420,00CG,Sheffield,YORKSHIRE AND THE HUMBER,230,184,23,16,12,14,24,273,1.2,20,343,161,797,10,0,181,0,0,191,0.8,112
145,D1835,47UE,Worcester,WEST MIDLANDS,40,45,0,0,1,1,0,47,1.2,3,88,7,145,18,0,15,0,17,50,1.3,0
180,Y1945,26UK,Watford,EAST of ENGLAND,34,27,10,1,4,0,0,42,1.2,2,1,4,49,6,49,30,0,1,86,2.5,0
200,H5390,00AN,Hammersmith and Fulham,LONDON,76,31,34,8,6,11,0,90,1.2,8,14,7,119,51,6,150,672,9,888,11.7,14
202,V5570,00AU,Islington,LONDON,87,47,37,6,7,6,1,104,1.2,6,94,107,311,11,75,0,441,373,900,10.3,--
203,K5600,00AW,Kensington and Chelsea,LONDON,85,42,26,7,9,12,2,98,1.2,20,130,83,331,116,68,0,978,0,"1,162",13.7,0
208,E5900,00BG,Tower Hamlets,LONDON,93,25,18,69,2,0,0,114,1.2,33,6,38,191,73,0,154,1562,0,"1,789",19.2,0
229,U5930,00BH,Waltham Forest,LONDON,91,32,42,21,7,7,4,113,1.2,23,102,182,420,23,37,79,639,323,"1,101",12.1,16
263,E2205,29UB,Ashford,SOUTH EAST,46,49,4,1,0,0,0,54,1.2,4,2,22,82,17,0,15,73,0,105,2.3,13
79,Q3060,00FY,Nottingham UA,EAST MIDLANDS,129,82,29,13,11,5,3,143,1.1,24,5,12,184,0,85,5,0,0,90,0.7,59
204,N5660,00AY,Lambeth,LONDON,126,34,86,4,10,7,4,145,1.1,14,11,21,191,5,206,4,902,159,"1,276",10.1,269
205,C5690,00AZ,Lewisham,LONDON,115,--,--,--,--,--,--,131,1.1,--,--,--,--,--,--,--,--,--,924,8,0
209,H5960,00BJ,Wandsworth,LONDON,126,44,55,17,9,9,3,137,1.1,14,32,201,384,81,143,158,42,1,425,3.4,18
12,A4520,00CL,South Tyneside,NORTH EAST,68,62,1,1,1,0,0,65,1,7,0,22,94,17,0,10,0,0,27,0.4,38
56,V2004,00FA,Kingston upon Hull City of UA,YORKSHIRE AND THE HUMBER,115,108,3,1,0,2,2,116,1,10,93,8,227,1,0,29,5,0,35,0.3,90
63,E2720,36UE,Richmondshire,YORKSHIRE AND THE HUMBER,20,18,1,0,0,0,0,19,1,3,5,5,32,0,15,1,3,0,19,1,32
93,Y2430,31UG,Melton,EAST MIDLANDS,20,21,0,0,0,0,0,21,1,0,2,0,23,1,13,16,2,0,32,1.6,9
114,X3025,37UF,Mansfield,EAST MIDLANDS,43,42,0,0,0,0,0,42,1,4,2,32,80,0,0,49,0,0,49,1.1,22
117,8,F,WEST MIDLANDS,WEST MIDLANDS,"2,242","1,340",350,230,100,90,110,"2,220",1,260,"1,070","1,320","4,870",200,140,480,500,50,"1,360",0.6,"1,300"
207,A5840,00BE,Southwark,LONDON,124,14,43,1,0,58,10,126,1,26,32,39,223,36,203,187,312,14,752,6.1,311
210,X5990,00BK,Westminster,LONDON,120,40,24,11,2,30,9,116,1,44,23,65,248,188,0,14,1360,163,"1,725",14.4,109
256,J1725,24UF,Gosport,SOUTH EAST,34,19,0,0,0,0,16,35,1,13,0,15,63,6,32,13,166,0,217,6.4,0
294,Q3820,45UE,Crawley,SOUTH EAST,43,31,5,2,1,1,4,44,1,9,29,12,94,4,84,49,51,27,215,5,0
303,Z0835,00HF,Isles of Scilly UA,SOUTH WEST,1,1,0,0,0,0,0,1,1,1,0,0,2,0,0,0,2,0,2,2,0
23,E0915,16UD,Carlisle,NORTH WEST,47,42,0,0,0,0,0,42,0.9,12,16,22,92,9,19,0,0,0,28,0.6,3
65,T2730,36UG,Scarborough,YORKSHIRE AND THE HUMBER,49,44,0,0,0,0,0,44,0.9,2,4,19,69,33,0,0,21,0,54,1.1,13
138,G4620,00CS,Sandwell,WEST MIDLANDS,118,66,8,12,19,3,3,111,0.9,14,47,29,201,3,0,0,10,0,13,0.1,48
139,Q4625,00CT,Solihull,WEST MIDLANDS,84,67,4,2,2,1,0,76,0.9,2,3,6,87,0,0,30,0,0,30,0.4,57
147,R1845,47UG,Wyre Forest,WEST MIDLANDS,42,36,0,0,1,0,0,37,0.9,2,53,1,93,3,0,14,0,0,17,0.4,17
167,N1540,22UJ,Harlow,EAST of ENGLAND,35,22,7,0,1,1,1,32,0.9,6,5,4,47,0,14,74,7,60,155,4.4,2
215,G5180,00AF,Bromley,LONDON,133,85,10,3,2,3,10,113,0.9,8,39,65,225,31,2,128,170,98,429,3.2,265
223,F5540,00AT,Hounslow,LONDON,92,25,25,18,3,11,4,86,0.9,5,7,20,118,68,50,6,473,23,620,6.7,1
226,W5780,00BC,Redbridge,LONDON,101,23,21,21,6,1,23,95,0.9,37,43,104,279,66,0,0,1646,372,"2,084",20.6,0
232,Q1445,00ML,Brighton and Hove UA,SOUTH EAST,115,72,10,4,7,3,2,98,0.9,22,11,33,164,80,0,55,244,123,502,4.4,6
333,R3325,40UD,South Somerset,SOUTH WEST,69,58,0,2,0,0,0,60,0.9,6,1,16,83,17,10,23,0,25,75,1.1,23
29,B4215,00BN,Manchester,NORTH WEST,202,65,38,11,10,13,16,153,0.8,57,162,161,533,22,65,109,0,91,287,1.4,5
51,H4315,00BZ,St Helens,NORTH WEST,75,54,0,0,0,1,2,57,0.8,4,2,13,76,1,4,0,0,19,24,0.3,19
55,E2001,00FB,East Riding of Yorkshire UA,YORKSHIRE AND THE HUMBER,144,120,0,0,0,0,0,120,0.8,13,45,108,286,6,0,48,0,0,54,0.4,50
83,A1015,17UD,Chesterfield,EAST MIDLANDS,45,34,0,0,0,0,0,34,0.8,1,1,7,43,7,0,22,0,0,29,0.6,0
119,L3245,00GG,Shropshire UA,WEST MIDLANDS,123,94,0,0,1,1,2,98,0.8,12,105,67,282,11,15,36,0,13,75,0.6,96
141,D4635,00CW,Wolverhampton,WEST MIDLANDS,99,42,16,11,3,3,1,76,0.8,2,33,70,181,10,11,30,0,0,51,0.5,--
165,A1530,22UG,Colchester,EAST of ENGLAND,72,53,1,0,1,1,3,59,0.8,14,5,14,92,20,33,45,3,62,163,2.3,0
183,K2610,33UC,Broadland,EAST of ENGLAND,53,40,0,0,1,0,0,41,0.8,3,0,10,54,5,4,4,12,5,30,0.6,0
196,5,H,LONDON,LONDON,"3,244",960,920,300,110,280,140,"2,710",0.8,480,"1,060","2,170","6,420",1330,2120,3240,23530,5630,"35,850",11.1,"1,280"
213,D5120,00AD,Bexley,LONDON,93,56,11,1,1,7,0,76,0.8,17,28,152,273,19,1,0,117,80,217,2.3,0
5,W0734,00EC,Middlesbrough UA,NORTH EAST,58,38,0,1,2,1,1,43,0.7,1,5,26,75,7,1,0,8,1,17,0.3,40
57,B2002,00FC,North East Lincolnshire UA,YORKSHIRE AND THE HUMBER,67,46,0,1,0,1,0,48,0.7,3,6,26,83,3,0,0,0,3,6,0.1,22
61,R2710,36UC,Hambleton,YORKSHIRE AND THE HUMBER,37,23,0,0,0,1,1,25,0.7,0,5,8,38,5,1,0,14,0,20,0.5,7
98,M2515,32UD,Lincoln,EAST MIDLANDS,38,23,2,0,0,0,0,25,0.7,0,1,1,27,0,21,0,4,0,25,0.7,1
101,E2530,32UG,South Kesteven,EAST MIDLANDS,55,38,1,0,1,1,0,41,0.7,7,4,1,53,3,0,10,0,0,13,0.2,30
120,M3455,00GL,Stoke-on-Trent UA,WEST MIDLANDS,104,51,9,3,0,7,0,70,0.7,8,9,32,119,11,0,7,0,0,18,0.2,0
155,Q0505,12UB,Cambridge,EAST of ENGLAND,45,26,4,1,0,0,2,33,0.7,3,0,0,36,7,16,40,5,4,72,1.6,0
156,V0510,12UC,East Cambridgeshire,EAST of ENGLAND,34,23,0,0,0,0,2,25,0.7,2,2,1,30,0,13,2,0,0,15,0.4,0
157,D0515,12UD,Fenland,EAST of ENGLAND,39,27,0,0,0,0,0,27,0.7,1,0,10,38,0,7,3,0,0,10,0.3,6
160,V1505,22UB,Basildon,EAST of ENGLAND,74,48,3,1,1,1,0,54,0.7,6,10,1,71,0,16,208,0,3,227,3.1,0
190,H3510,42UC,Forest Heath,EAST of ENGLAND,25,18,0,0,0,0,0,18,0.7,1,0,6,25,0,0,8,0,0,8,0.3,0
214,T5150,00AE,Brent,LONDON,98,18,35,8,2,6,2,71,0.7,7,35,113,226,85,50,0,2711,173,"3,019",30.8,10
224,Z5630,00AX,Kingston upon Thames,LONDON,68,24,1,10,4,2,4,45,0.7,4,26,51,126,6,65,35,351,55,512,7.5,8
227,L5810,00BD,Richmond upon Thames,LONDON,83,32,2,7,2,0,15,58,0.7,3,7,17,85,24,49,6,117,43,239,2.9,12
264,J2210,29UC,Canterbury,SOUTH EAST,61,33,0,0,0,0,8,41,0.7,11,74,108,234,4,29,23,11,5,72,1.2,3
265,T2215,29UD,Dartford,SOUTH EAST,39,16,4,1,5,0,0,26,0.7,3,8,9,46,2,0,24,0,20,46,1.2,--
302,D0840,00HE,Cornwall UA,SOUTH WEST,232,148,0,1,1,1,9,160,0.7,17,16,58,251,125,27,49,210,10,421,1.8,116
331,Q3305,40UB,Mendip,SOUTH WEST,46,33,0,0,0,0,0,33,0.7,4,3,3,43,17,4,4,17,2,44,1,1
334,D3315,40UE,Taunton Deane,SOUTH WEST,47,33,0,0,0,0,0,33,0.7,1,8,13,55,19,5,22,3,0,49,1,12
9,H4505,00CH,Gateshead,NORTH EAST,85,45,5,0,1,1,0,52,0.6,5,93,22,172,2,1,13,0,1,17,0.2,25
11,W4515,00CK,North Tyneside,NORTH EAST,89,48,2,1,2,0,2,55,0.6,15,16,10,96,0,0,29,0,0,29,0.3,34
21,R0905,16UB,Allerdale,NORTH WEST,41,21,0,0,1,1,0,23,0.6,5,8,32,68,0,3,17,0,0,20,0.5,5
24,J0920,16UE,Copeland,NORTH WEST,31,17,0,0,0,0,0,17,0.6,2,6,13,38,7,0,3,0,0,10,0.3,12
27,N4205,00BL,Bolton,NORTH WEST,111,54,2,13,0,1,0,70,0.6,15,5,60,150,0,12,36,0,0,48,0.4,34
59,C2741,00FF,York UA,YORKSHIRE AND THE HUMBER,84,45,0,1,0,0,3,49,0.6,7,6,2,64,2,30,62,0,0,94,1.1,0
82,R1010,17UC,Bolsover,EAST MIDLANDS,32,19,0,0,0,0,0,19,0.6,1,0,0,20,0,0,0,0,0,0,0,0
113,N3020,37UE,Gedling,EAST MIDLANDS,49,24,0,1,0,1,1,27,0.6,7,2,6,42,5,2,2,2,0,11,0.2,15
118,W1850,00GA,Herefordshire County of UA,WEST MIDLANDS,78,44,0,0,0,1,1,46,0.6,7,19,7,79,13,0,30,28,0,71,0.9,9
124,K3415,41UD,Lichfield,WEST MIDLANDS,40,12,0,1,0,0,13,26,0.6,1,3,4,34,1,0,15,0,0,16,0.4,3
128,L3435,41UH,Staffordshire Moorlands,WEST MIDLANDS,40,23,1,0,0,0,0,24,0.6,1,5,10,40,0,6,9,0,1,16,0.4,15
142,P1805,47UB,Bromsgrove,WEST MIDLANDS,38,20,1,0,0,0,0,21,0.6,2,3,4,30,0,5,26,0,0,31,0.8,9
146,H1840,47UF,Wychavon,WEST MIDLANDS,49,31,0,0,0,0,0,31,0.6,1,6,2,40,10,0,6,0,0,16,0.3,0
158,H0520,12UE,Huntingdonshire,EAST of ENGLAND,69,33,1,0,1,0,4,39,0.6,2,0,17,58,19,31,9,17,0,76,1.1,6
186,Y2620,33UF,North Norfolk,EAST of ENGLAND,46,27,0,1,0,0,0,28,0.6,2,9,4,43,0,0,6,0,4,10,0.2,0
239,D1780,00MS,Southampton UA,SOUTH EAST,98,52,1,2,0,0,0,55,0.6,11,0,6,72,0,0,75,14,47,136,1.4,0
258,X1735,24UH,Havant,SOUTH EAST,50,31,0,0,0,0,0,31,0.6,2,12,0,45,0,0,0,10,11,21,0.4,0
285,Q3630,43UG,Runnymede,SOUTH EAST,34,18,1,0,0,0,0,19,0.6,2,0,3,24,0,9,0,0,14,23,0.7,0
291,Y3805,45UB,Adur,SOUTH EAST,27,16,0,0,0,1,0,17,0.6,1,3,3,24,4,0,23,55,7,89,3.3,5
328,U1620,23UE,Gloucester,SOUTH WEST,50,19,3,1,1,3,2,29,0.6,8,11,47,95,17,25,13,17,10,82,1.6,10
3,X1355,00EJ,Durham UA,NORTH EAST,216,103,0,1,1,0,0,105,0.5,16,48,66,235,4,5,21,0,0,30,0.1,80
32,U4230,00BR,Salford,NORTH WEST,98,31,5,1,3,8,2,50,0.5,5,6,47,108,3,1,28,0,0,32,0.3,53
37,Z2315,30UD,Burnley,NORTH WEST,36,17,0,0,0,0,0,17,0.5,2,20,7,46,2,4,0,0,0,6,0.2,4
54,2,D,YORKSHIRE AND THE HUMBER,YORKSHIRE AND THE HUMBER,"2,203",880,70,60,20,30,60,"1,110",0.5,100,950,"1,370","3,540",80,190,480,120,30,900,0.4,580
73,J4715,00CZ,Kirklees,YORKSHIRE AND THE HUMBER,167,45,8,12,4,5,3,77,0.5,13,15,21,126,6,4,57,0,0,67,0.4,2
76,3,E,EAST MIDLANDS,EAST MIDLANDS,"1,868",670,60,30,30,10,60,850,0.5,130,330,260,"1,560",80,220,300,80,10,680,0.4,280
77,C1055,00FK,Derby UA,EAST MIDLANDS,102,27,9,7,4,1,0,48,0.5,3,50,2,103,1,0,27,0,0,28,0.3,41
84,P1045,17UF,Derbyshire Dales,EAST MIDLANDS,30,14,0,0,0,0,0,14,0.5,2,16,13,45,0,0,10,0,0,10,0.3,13
121,C3240,00GF,Telford and Wrekin UA,WEST MIDLANDS,67,29,2,0,0,0,0,31,0.5,2,1,2,36,8,5,9,29,4,55,0.8,0
129,Z3445,41UK,Tamworth,WEST MIDLANDS,31,15,0,0,0,0,1,16,0.5,1,2,7,26,0,0,1,4,0,5,0.2,0
131,W3710,44UC,Nuneaton and Bedworth,WEST MIDLANDS,51,25,1,1,0,0,0,27,0.5,7,0,3,37,0,6,0,0,0,6,0.1,0
132,E3715,44UD,Rugby,WEST MIDLANDS,39,19,1,1,0,0,0,21,0.5,5,0,2,28,0,0,7,0,0,7,0.2,13
143,J1860,47UC,Malvern Hills,WEST MIDLANDS,32,16,0,0,0,0,0,16,0.5,0,1,1,18,0,0,0,0,8,8,0.3,8
148,4,G,EAST of ENGLAND,EAST of ENGLAND,"2,406",900,100,70,20,20,40,"1,150",0.5,190,220,480,"2,030",200,540,900,710,250,"2,600",1.1,180
152,J0540,00JA,Peterborough UA,EAST of ENGLAND,72,29,6,3,0,0,1,39,0.5,31,66,75,211,1,65,0,0,0,66,0.9,0
161,Z1510,22UC,Braintree,EAST of ENGLAND,60,25,2,2,0,1,0,30,0.5,6,9,15,60,0,11,21,0,0,32,0.5,17
164,W1525,22UF,Chelmsford,EAST of ENGLAND,70,31,1,1,1,1,0,35,0.5,4,4,12,55,7,16,8,0,14,45,0.6,12
184,U2615,33UD,Great Yarmouth,EAST of ENGLAND,42,--,--,--,--,--,--,21,0.5,--,--,--,--,--,--,--,--,--,67,1.6,--
187,G2625,33UG,Norwich,EAST of ENGLAND,62,28,3,0,0,2,0,33,0.5,18,19,17,87,17,2,0,0,21,40,0.6,21
191,R3515,42UD,Ipswich,EAST of ENGLAND,55,14,3,0,2,1,6,26,0.5,3,0,4,33,5,18,16,0,0,39,0.7,0
198,K5030,00AA,City of London,LONDON,7,1,2,0,0,0,0,3,0.5,0,0,0,3,2,0,0,0,1,3,0.4,0
217,A5270,00AJ,Ealing,LONDON,124,21,25,9,1,3,4,63,0.5,14,24,53,154,22,121,0,911,18,"1,072",8.6,71
219,E5330,00AL,Greenwich,LONDON,97,27,15,1,1,2,0,46,0.5,10,40,8,104,17,2,38,78,39,174,1.8,18
222,R5510,00AS,Hillingdon,LONDON,102,16,16,10,1,3,3,49,0.5,19,4,37,109,35,0,29,825,53,942,9.2,21
235,Y0435,00MG,Milton Keynes UA,SOUTH EAST,96,37,3,1,1,0,5,47,0.5,3,1,19,70,33,29,80,0,1,143,1.5,0
243,J0405,11UB,Aylesbury Vale,SOUTH EAST,69,25,2,3,1,0,3,34,0.5,4,11,9,58,0,0,12,0,0,12,0.2,0
249,P1425,21UF,Lewes,SOUTH EAST,42,17,2,0,1,0,0,20,0.5,1,0,5,26,11,3,22,2,24,62,1.5,0
251,C1435,21UH,Wealden,SOUTH EAST,61,26,1,1,1,0,0,29,0.5,2,5,2,38,9,6,18,14,1,48,0.8,49
253,M1710,24UC,East Hampshire,SOUTH EAST,45,23,0,0,0,0,0,23,0.5,2,0,7,32,2,0,83,0,0,85,1.9,8
276,G3110,38UC,Oxford,SOUTH EAST,54,15,4,0,2,0,6,27,0.5,21,9,56,113,1,0,5,148,2,156,2.9,5
305,N1160,00HG,Plymouth UA,SOUTH WEST,110,44,1,2,2,3,0,52,0.5,11,18,25,106,3,0,13,29,19,64,0.6,42
321,N1215,19UE,North Dorset,SOUTH WEST,27,13,0,0,0,0,0,13,0.5,1,4,5,23,0,0,0,0,0,0,0,13
336,10,64,ENGLAND,ENGLAND,"21,731","7,550","1,660",770,350,490,540,"11,350",0.5,"1,840","5,430","7,770","26,400","2,750","4,250","7,490","26,960","6,790","48,240",2.2,"4,770"
1,1,A,NORTH EAST,NORTH EAST,"1,112",420,20,10,10,10,0,470,0.4,60,410,340,"1,280",60,20,130,10,0,220,0.2,320
10,M4510,00CJ,Newcastle upon Tyne,NORTH EAST,119,28,6,7,1,2,0,44,0.4,3,160,130,337,0,3,30,0,0,33,0.3,32
20,M0655,00EU,Warrington UA,NORTH WEST,82,27,0,2,1,1,0,31,0.4,3,0,1,35,0,0,4,0,9,13,0.2,5
26,X0930,16UG,South Lakeland,NORTH WEST,46,17,0,0,0,0,0,17,0.4,0,10,25,52,7,15,4,0,0,26,0.6,0
35,Q4245,00BU,Trafford,NORTH WEST,93,27,2,2,1,1,0,33,0.4,14,3,23,73,0,5,45,0,0,50,0.5,9
36,V4250,00BW,Wigan,NORTH WEST,130,40,1,1,0,0,15,57,0.4,6,42,16,121,0,1,14,0,0,15,0.1,34
47,P2365,30UP,West Lancashire,NORTH WEST,46,16,1,0,0,0,0,17,0.4,5,7,7,36,0,0,3,0,0,3,0.1,7
58,Y2003,00FD,North Lincolnshire UA,YORKSHIRE AND THE HUMBER,68,21,1,2,1,0,1,26,0.4,0,0,3,29,5,6,3,0,0,14,0.2,17
64,Y2736,36UF,Ryedale,YORKSHIRE AND THE HUMBER,23,7,0,0,0,1,0,8,0.4,0,4,3,15,3,7,0,0,11,21,0.9,2
66,N2739,36UH,Selby,YORKSHIRE AND THE HUMBER,33,12,0,0,0,0,0,12,0.4,2,2,1,17,1,0,6,0,0,7,0.2,1
74,N4720,00DA,Leeds,YORKSHIRE AND THE HUMBER,334,105,15,8,3,4,14,149,0.4,14,360,833,"1,356",0,98,0,19,0,117,0.4,171
80,A2470,00FP,Rutland UA,EAST MIDLANDS,15,6,0,0,0,0,0,6,0.4,1,2,6,15,1,0,3,0,0,4,0.3,5
88,F1040,17UK,South Derbyshire,EAST MIDLANDS,37,16,0,0,0,0,0,16,0.4,6,9,9,40,3,0,1,0,1,5,0.1,11
90,X2410,31UC,Charnwood,EAST MIDLANDS,65,28,0,1,0,0,0,29,0.4,1,0,7,37,1,5,16,7,0,29,0.4,8
94,G2435,31UH,North West Leicestershire,EAST MIDLANDS,38,15,0,0,0,0,0,15,0.4,0,6,9,30,1,0,0,0,0,1,0,0
106,L2820,34UE,Kettering,EAST MIDLANDS,38,13,1,1,0,0,0,15,0.4,1,2,12,30,11,0,2,13,0,26,0.7,1
108,Z2830,34UG,South Northamptonshire,EAST MIDLANDS,36,12,0,2,0,0,0,14,0.4,0,1,0,15,0,0,31,0,0,31,0.9,2
115,B3030,37UG,Newark and Sherwood,EAST MIDLANDS,48,19,0,0,0,0,0,19,0.4,0,3,0,22,0,5,0,0,0,5,0.1,5
123,B3410,41UC,East Staffordshire,WEST MIDLANDS,45,18,0,1,0,1,0,20,0.4,4,11,12,47,0,2,2,0,0,4,0.1,0
126,C3430,41UF,South Staffordshire,WEST MIDLANDS,43,--,--,--,--,--,--,17,0.4,2,2,3,24,1,0,8,0,0,9,0.2,--
130,R3705,44UB,North Warwickshire,WEST MIDLANDS,26,10,0,0,0,0,0,10,0.4,4,12,4,30,0,2,0,0,0,2,0.1,0
134,T3725,44UF,Warwick,WEST MIDLANDS,60,20,1,1,0,0,0,22,0.4,5,40,71,138,0,3,8,3,0,14,0.2,18
149,K0235,00KB,Bedford UA,EAST of ENGLAND,65,20,2,5,0,1,1,29,0.4,6,3,18,56,0,0,28,0,1,29,0.4,12
150,P0240,00KC,Central Bedfordshire UA,EAST of ENGLAND,104,38,0,1,1,2,0,42,0.4,2,2,11,57,1,19,16,0,0,36,0.3,8
154,M1595,00KG,Thurrock UA,EAST of ENGLAND,64,22,2,0,0,0,0,24,0.4,5,2,16,47,1,28,13,0,0,42,0.7,16
169,B1550,22UL,Rochford,EAST of ENGLAND,34,14,0,0,0,0,0,14,0.4,2,0,2,18,19,0,24,0,1,44,1.3,0
176,X1925,26UF,North Hertfordshire,EAST of ENGLAND,53,19,1,0,1,0,0,21,0.4,4,1,4,30,1,56,0,0,1,58,1.1,0
181,C1950,26UL,Welwyn Hatfield,EAST of ENGLAND,45,18,1,0,0,0,0,19,0.4,3,22,16,60,0,24,46,0,0,70,1.6,4
182,F2605,33UB,Breckland,EAST of ENGLAND,55,18,1,0,0,1,1,21,0.4,9,1,3,34,2,0,9,0,2,13,0.2,48
192,W3520,42UE,Mid Suffolk,EAST of ENGLAND,39,17,0,0,0,0,0,17,0.4,0,1,8,26,0,2,0,0,0,2,0.1,0
195,T3535,42UH,Waveney,EAST of ENGLAND,52,19,0,0,0,0,0,19,0.4,4,0,0,23,0,0,1,1,20,22,0.4,5
197,X5210,00AG,Camden,LONDON,103,16,12,9,1,1,0,39,0.4,13,5,6,63,16,88,54,217,287,662,6.4,74
212,N5090,00AC,Barnet,LONDON,137,21,14,5,1,9,0,50,0.4,5,12,45,112,0,5,1046,884,204,"2,139",15.6,54
218,Q5300,00AK,Enfield,LONDON,117,18,22,0,1,1,0,42,0.4,16,34,25,117,3,0,82,1821,198,"2,104",18,0
228,P5870,00BF,Sutton,LONDON,82,22,5,1,3,4,1,36,0.4,11,5,28,80,29,10,86,95,31,251,3.1,0
238,J0350,00MD,Slough UA,SOUTH EAST,48,14,0,4,1,0,0,19,0.4,19,17,35,90,0,0,41,43,0,84,1.8,0
260,P1750,24UL,Rushmoor,SOUTH EAST,36,12,0,0,1,0,0,13,0.4,2,0,3,18,1,6,8,0,1,16,0.4,0
266,X2220,29UE,Dover,SOUTH EAST,46,17,0,0,0,0,0,17,0.4,2,2,9,30,22,7,9,3,0,41,0.9,0
267,K2230,29UG,Gravesham,SOUTH EAST,40,6,0,0,0,0,10,16,0.4,0,2,4,22,0,0,22,0,0,22,0.6,0
271,V2255,29UM,Swale,SOUTH EAST,53,18,0,0,1,0,0,19,0.4,5,0,10,34,12,14,12,17,10,65,1.2,6
287,D3640,43UJ,Surrey Heath,SOUTH EAST,33,10,1,1,0,0,1,13,0.4,1,1,2,17,4,32,12,0,2,50,1.5,2
292,C3810,45UC,Arun,SOUTH EAST,68,26,0,0,0,0,0,26,0.4,13,4,18,61,7,32,10,0,8,57,0.8,7
312,Y1110,18UC,Exeter,SOUTH WEST,51,20,1,0,1,0,0,22,0.4,8,6,8,44,32,7,28,83,0,150,2.9,0
326,F1610,23UC,Cotswold,SOUTH WEST,36,13,0,0,1,0,0,14,0.4,0,18,18,50,1,2,7,0,0,10,0.3,3
330,G1630,23UG,Tewkesbury,SOUTH WEST,35,14,0,0,0,0,0,14,0.4,0,0,1,15,3,2,0,0,6,11,0.3,5
335,H3320,40UF,West Somerset,SOUTH WEST,16,6,0,0,0,0,0,6,0.4,5,23,11,45,0,0,0,6,0,6,0.4,0
6,P2935,00EM,Northumberland UA,NORTH EAST,136,43,0,1,1,0,0,45,0.3,6,21,31,103,0,8,5,0,0,13,0.1,1
8,H0738,00EF,Stockton-on-Tees UA,NORTH EAST,79,21,1,2,1,2,0,27,0.3,2,57,21,107,11,0,16,0,0,27,0.3,21
14,9,B,NORTH WEST,NORTH WEST,"2,935",730,70,40,20,30,50,940,0.3,190,860,770,"2,760",80,290,390,10,150,920,0.3,350
16,J2373,00EY,Blackpool UA,NORTH WEST,63,19,0,0,0,0,0,19,0.3,5,288,4,316,0,23,0,0,0,23,0.4,5
28,T4210,00BM,Bury,NORTH WEST,76,14,3,2,2,0,0,21,0.3,0,11,36,68,0,3,3,0,3,9,0.1,12
31,P4225,00BQ,Rochdale,NORTH WEST,84,20,2,3,0,1,1,27,0.3,3,45,55,130,0,14,5,0,0,19,0.2,2
34,G4240,00BT,Tameside,NORTH WEST,92,24,3,0,0,0,1,28,0.3,4,108,50,190,9,3,29,0,8,49,0.5,4
41,A2335,30UH,Lancaster,NORTH WEST,60,15,0,0,0,0,0,15,0.3,6,11,5,37,0,0,0,1,0,1,0,49
42,E2340,30UJ,Pendle,NORTH WEST,37,11,0,0,0,0,0,11,0.3,0,3,8,22,0,0,0,0,0,0,0,8
43,N2345,30UK,Preston,NORTH WEST,56,12,0,2,1,0,0,15,0.3,3,4,4,26,1,0,16,4,0,21,0.4,7
46,F2360,30UN,South Ribble,NORTH WEST,45,13,0,1,0,0,0,14,0.3,3,1,5,23,2,1,25,2,0,30,0.7,3
50,Z4310,00BY,Liverpool,NORTH WEST,193,39,9,1,0,3,8,60,0.3,2,25,49,136,0,57,0,0,0,57,0.3,0
75,X4725,00DB,Wakefield,YORKSHIRE AND THE HUMBER,139,27,6,2,0,2,2,39,0.3,6,17,11,73,1,11,0,56,0,68,0.5,0
81,M1005,17UB,Amber Valley,EAST MIDLANDS,52,7,1,0,0,0,6,14,0.3,1,3,21,39,0,5,0,0,6,11,0.2,6
92,K2420,31UE,Hinckley and Bosworth,EAST MIDLANDS,44,11,1,0,0,1,0,13,0.3,0,5,2,20,1,8,0,0,0,9,0.2,7
97,D2510,32UC,East Lindsey,EAST MIDLANDS,62,16,0,0,0,0,0,16,0.3,0,2,13,31,7,1,11,14,0,33,0.5,4
100,A2525,32UF,South Holland,EAST MIDLANDS,36,10,0,0,0,0,0,10,0.3,7,0,6,23,0,0,19,0,1,20,0.6,0
103,U2805,34UB,Corby,EAST MIDLANDS,23,6,0,0,0,0,0,6,0.3,2,0,7,15,0,3,1,0,0,4,0.2,0
104,Y2810,34UC,Daventry,EAST MIDLANDS,32,11,0,0,0,0,0,11,0.3,3,5,3,22,2,2,0,0,0,4,0.1,5
105,G2815,34UD,East Northamptonshire,EAST MIDLANDS,35,9,0,0,0,0,0,9,0.3,9,6,8,32,0,3,7,0,0,10,0.3,1
133,J3720,44UE,Stratford-on-Avon,WEST MIDLANDS,51,16,0,0,0,0,1,17,0.3,1,6,10,34,0,0,15,0,2,17,0.3,6
137,C4615,00CR,Dudley,WEST MIDLANDS,127,32,3,0,1,0,0,36,0.3,12,25,355,428,0,2,41,0,0,43,0.3,32
153,D1590,00KF,Southend-on-Sea UA,EAST of ENGLAND,74,15,3,1,1,0,3,23,0.3,8,3,8,42,0,22,6,7,1,36,0.5,2
159,W0530,12UG,South Cambridgeshire,EAST of ENGLAND,58,15,0,0,0,0,0,15,0.3,0,4,1,20,0,16,14,1,0,31,0.5,0
175,N1920,26UE,Hertsmere,EAST of ENGLAND,40,6,2,2,1,0,0,11,0.3,2,4,6,23,7,4,15,0,4,30,0.8,0
179,P1940,26UJ,Three Rivers,EAST of ENGLAND,35,10,1,0,0,0,0,11,0.3,2,1,7,21,0,0,19,0,2,21,0.6,5
185,V2635,33UE,King's Lynn and West Norfolk,EAST of ENGLAND,62,13,0,0,0,0,3,16,0.3,3,22,12,53,0,0,29,0,0,29,0.5,1
189,D3505,42UB,Babergh,EAST of ENGLAND,37,3,0,0,0,0,8,11,0.3,2,1,1,15,0,0,2,0,2,4,0.1,0
193,E3525,42UF,St. Edmundsbury,EAST of ENGLAND,44,15,0,0,0,0,0,15,0.3,7,4,1,27,0,0,11,0,2,13,0.3,0
206,G5750,00BB,Newham,LONDON,92,7,7,4,3,0,3,24,0.3,14,33,62,133,20,0,97,1000,1593,"2,710",29.5,2
221,B5480,00AR,Havering,LONDON,96,20,8,0,2,0,2,32,0.3,16,61,141,250,0,71,0,371,0,442,4.6,--
225,T5720,00BA,Merton,LONDON,87,11,5,4,2,1,0,23,0.3,9,14,8,54,0,21,3,0,52,76,0.9,0
230,6,J,SOUTH EAST,SOUTH EAST,"3,480",940,60,30,30,10,60,"1,130",0.3,290,300,640,"2,350",400,420,1110,1230,500,"3,660",1.1,170
248,B1415,21UD,Hastings,SOUTH EAST,39,8,1,0,0,1,2,12,0.3,5,1,11,29,1,0,1,2,9,13,0.3,4
272,Z2260,29UN,Thanet,SOUTH EAST,58,15,0,0,2,0,0,17,0.3,2,0,14,33,9,6,0,2,0,17,0.3,3
275,C3105,38UB,Cherwell,SOUTH EAST,57,12,0,2,1,0,0,15,0.3,6,4,6,31,10,0,20,0,0,30,0.5,0
296,D3830,45UG,Mid Sussex,SOUTH EAST,54,15,0,0,0,0,1,16,0.3,2,3,9,30,9,0,11,0,7,27,0.5,4
298,7,K,SOUTH WEST,SOUTH WEST,"2,241",700,20,10,10,10,30,780,0.3,140,250,420,"1,590",320,300,460,770,180,"2,040",0.9,310
299,F0114,00HA,Bath and North East Somerset UA,SOUTH WEST,74,21,1,1,0,0,0,23,0.3,2,3,9,37,4,16,6,0,1,27,0.4,0
300,G1250,00HN,Bournemouth UA,SOUTH WEST,73,19,0,0,0,0,0,19,0.3,2,2,2,25,0,10,0,0,0,10,0.1,0
307,P0119,00HD,South Gloucestershire UA,SOUTH WEST,107,27,0,2,0,0,5,34,0.3,5,3,8,50,7,4,26,17,28,82,0.8,0
308,U3935,00HX,Swindon UA,SOUTH WEST,84,10,0,1,1,0,11,23,0.3,9,17,9,58,5,1,85,133,32,256,3,0
310,Y3940,00HY,Wiltshire UA,SOUTH WEST,187,58,2,0,0,0,0,60,0.3,8,5,1,74,0,45,24,76,0,145,0.8,9
314,G1115,18UE,North Devon,SOUTH WEST,39,12,0,0,0,0,0,12,0.3,3,1,0,16,2,0,0,7,0,9,0.2,3
315,V1125,18UG,South Hams,SOUTH WEST,36,11,0,0,0,0,0,11,0.3,1,2,1,15,0,0,7,16,0,23,0.6,1
317,W1145,18UK,Torridge,SOUTH WEST,28,8,0,0,0,0,0,8,0.3,2,0,4,14,1,7,0,3,0,11,0.4,0
323,F1230,19UH,West Dorset,SOUTH WEST,43,12,0,0,0,0,0,12,0.3,3,0,11,26,0,0,0,19,0,19,0.4,0
13,J4525,00CM,Sunderland,NORTH EAST,121,21,1,0,0,0,0,22,0.2,3,1,8,34,8,0,0,0,0,8,0.1,34
17,R0660,00EQ,Cheshire East UA,NORTH WEST,155,25,1,0,0,0,0,26,0.2,0,6,0,32,5,4,5,0,0,14,0.1,10
18,A0665,00EW,Cheshire West and Chester UA,NORTH WEST,137,21,0,0,0,0,0,21,0.2,0,3,26,50,3,1,12,0,10,26,0.2,10
22,W0910,16UC,Barrow-in-Furness,NORTH WEST,31,7,0,0,0,0,0,7,0.2,2,5,21,35,4,0,6,0,0,10,0.3,2
33,C4235,00BS,Stockport,NORTH WEST,123,20,2,1,1,0,0,24,0.2,2,42,4,72,0,27,0,0,0,27,0.2,1
49,V4305,00BX,Knowsley,NORTH WEST,62,14,0,0,0,0,0,14,0.2,7,4,17,42,0,6,0,0,0,6,0.1,4
62,E2734,36UD,Harrogate,YORKSHIRE AND THE HUMBER,67,12,3,0,0,0,0,15,0.2,0,1,0,16,0,12,13,5,15,45,0.7,1
69,P4415,00CF,Rotherham,YORKSHIRE AND THE HUMBER,106,18,3,1,0,0,0,22,0.2,1,5,19,47,0,2,20,0,0,22,0.2,22
71,W4705,00CX,Bradford,YORKSHIRE AND THE HUMBER,192,20,6,8,0,1,4,39,0.2,3,5,45,92,4,0,26,0,0,30,0.2,22
85,N1025,17UG,Erewash,EAST MIDLANDS,48,6,0,0,1,1,0,8,0.2,3,1,3,15,4,0,0,4,0,8,0.2,--
86,T1030,17UH,High Peak,EAST MIDLANDS,39,8,0,0,0,0,0,8,0.2,2,4,6,20,0,2,12,0,0,14,0.4,1
96,Z2505,32UB,Boston,EAST MIDLANDS,26,5,0,0,1,0,0,6,0.2,1,5,7,19,1,4,12,0,0,17,0.7,0
99,R2520,32UE,North Kesteven,EAST MIDLANDS,44,7,0,0,0,0,0,7,0.2,0,0,0,7,0,0,13,0,0,13,0.3,0
102,N2535,32UH,West Lindsey,EAST MIDLANDS,37,6,0,0,0,0,0,6,0.2,0,0,4,10,2,0,1,0,0,3,0.1,8
122,X3405,41UB,Cannock Chase,WEST MIDLANDS,39,6,0,0,0,0,0,6,0.2,9,7,18,40,5,0,0,0,0,5,0.1,0
127,Y3425,41UG,Stafford,WEST MIDLANDS,53,7,0,2,0,0,2,11,0.2,9,3,6,29,4,0,0,1,0,5,0.1,10
144,Q1825,47UD,Redditch,WEST MIDLANDS,33,6,1,0,0,0,0,7,0.2,18,4,14,43,0,0,3,0,0,3,0.1,0
162,H1515,22UD,Brentwood,EAST of ENGLAND,30,6,0,0,0,0,0,6,0.2,0,1,2,9,1,3,15,22,2,43,1.4,2
163,M1520,22UE,Castle Point,EAST of ENGLAND,37,6,0,0,1,0,0,7,0.2,6,3,2,18,15,3,0,42,1,61,1.6,13
166,J1535,22UH,Epping Forest,EAST of ENGLAND,52,8,3,0,0,0,1,12,0.2,2,0,3,17,5,32,9,1,0,47,0.9,0
168,X1545,22UK,Maldon,EAST of ENGLAND,26,6,0,0,0,0,0,6,0.2,1,0,0,7,1,0,11,0,0,13,0.5,1
170,P1560,22UN,Tendring,EAST of ENGLAND,66,15,0,0,0,0,0,15,0.2,2,1,11,29,3,0,74,0,0,77,1.2,0
173,A1910,26UC,Dacorum,EAST of ENGLAND,58,8,1,0,0,1,0,10,0.2,2,0,1,13,0,15,0,0,0,15,0.3,0
174,J1915,26UD,East Hertfordshire,EAST of ENGLAND,56,10,0,2,0,0,0,12,0.2,2,0,11,25,0,11,0,4,7,22,0.4,1
177,B1930,26UG,St. Albans,EAST of ENGLAND,56,7,0,2,2,1,1,13,0.2,0,1,2,16,0,3,11,0,17,31,0.6,0
188,L2630,33UH,South Norfolk,EAST of ENGLAND,50,7,0,0,0,0,3,10,0.2,2,4,12,28,4,0,5,0,1,10,0.2,1
211,Z5060,00AB,Barking and Dagenham,LONDON,68,3,7,2,0,2,0,14,0.2,3,30,70,117,52,21,8,620,3,704,10.4,0
233,P2114,00MW,Isle of Wight UA,SOUTH EAST,62,12,0,0,0,2,0,14,0.2,8,5,16,43,7,0,25,118,0,150,2.4,3
234,A2280,00LC,Medway UA,SOUTH EAST,104,26,0,0,0,0,0,26,0.2,4,5,27,62,4,0,20,0,78,102,1,3
237,E0345,00MC,Reading UA,SOUTH EAST,60,10,3,0,1,0,0,14,0.2,5,7,17,43,7,35,0,15,0,57,1,0
244,X0415,11UC,Chiltern,SOUTH EAST,36,6,0,1,0,1,0,8,0.2,2,0,2,12,0,3,15,0,0,18,0.5,0
245,N0410,11UE,South Bucks,SOUTH EAST,26,5,0,0,0,0,0,5,0.2,1,1,5,12,0,0,9,0,0,9,0.3,0
246,K0425,11UF,Wycombe,SOUTH EAST,65,8,5,2,0,0,0,15,0.2,10,11,2,38,0,19,39,3,0,61,0.9,0
255,A1720,24UE,Fareham,SOUTH EAST,46,7,0,0,0,0,0,7,0.2,3,2,4,16,9,0,19,6,1,35,0.8,0
268,U2235,29UH,Maidstone,SOUTH EAST,61,15,0,0,0,0,0,15,0.2,1,1,5,22,9,0,26,0,1,36,0.6,2
278,V3120,38UE,Vale of White Horse,SOUTH EAST,47,8,1,0,0,1,0,10,0.2,6,2,5,23,0,8,12,1,1,22,0.5,0
293,L3815,45UD,Chichester,SOUTH EAST,49,9,0,0,0,0,0,9,0.2,1,1,5,16,1,0,32,0,0,33,0.7,6
295,Z3825,45UF,Horsham,SOUTH EAST,54,9,0,2,1,0,0,12,0.2,2,6,7,27,23,3,49,6,0,81,1.5,0
301,Z0116,00HB,Bristol City of UA,SOUTH WEST,184,27,7,1,1,1,3,40,0.2,8,6,5,59,0,96,41,2,20,159,0.9,32
304,D0121,00HC,North Somerset UA,SOUTH WEST,89,18,0,0,0,0,1,19,0.2,0,23,17,59,6,0,49,0,0,55,0.6,0
306,Q1255,00HP,Poole UA,SOUTH WEST,61,12,0,0,0,0,0,12,0.2,3,4,20,39,9,7,0,56,0,72,1.2,0
313,H1135,18UD,Mid Devon,SOUTH WEST,32,6,0,0,0,0,0,6,0.2,4,12,22,44,2,0,10,0,0,12,0.4,0
316,Z1130,18UH,Teignbridge,SOUTH WEST,55,12,0,0,0,0,0,12,0.2,3,5,8,28,8,0,0,9,0,17,0.3,20
322,B1225,19UG,Purbeck,SOUTH WEST,20,3,0,0,0,0,0,3,0.2,2,1,3,9,2,6,4,0,2,14,0.7,2
327,P1615,23UD,Forest of Dean,SOUTH WEST,34,7,0,0,0,0,0,7,0.2,1,0,4,12,3,0,4,0,0,7,0.2,3
332,V3310,40UC,Sedgemoor,SOUTH WEST,48,9,0,0,0,0,2,11,0.2,2,1,9,23,5,12,1,0,0,18,0.4,0
2,N1350,00EH,Darlington UA,NORTH EAST,44,5,0,0,0,0,0,5,0.1,4,0,3,12,3,0,1,0,0,4,0.1,6
4,H0724,00EB,Hartlepool UA,NORTH EAST,39,1,1,0,0,0,0,2,0.1,0,6,1,9,2,0,0,0,0,2,0.1,5
7,V0728,00EE,Redcar and Cleveland UA,NORTH EAST,58,5,0,0,0,0,0,5,0.1,2,1,2,10,4,1,8,1,0,14,0.2,2
25,T0925,16UF,Eden,NORTH WEST,23,2,0,0,0,0,0,2,0.1,0,1,0,3,0,0,11,2,0,13,0.6,1
30,F4220,00BP,Oldham,NORTH WEST,89,11,1,1,0,0,0,13,0.1,1,2,9,25,0,0,7,0,0,7,0.1,0
44,T2350,30UL,Ribble Valley,NORTH WEST,24,2,0,0,0,0,0,2,0.1,2,0,1,5,0,5,0,0,0,5,0.2,0
45,B2355,30UM,Rossendale,NORTH WEST,28,3,0,0,0,0,0,3,0.1,0,0,0,3,1,0,0,0,0,1,0,1
48,U2370,30UQ,Wyre,NORTH WEST,49,3,0,0,0,0,0,3,0.1,0,1,2,6,1,0,0,0,0,1,0,0
52,M4320,00CA,Sefton,NORTH WEST,117,7,0,0,0,0,0,7,0.1,3,4,9,23,2,0,6,0,0,8,0.1,0
53,W4325,00CB,Wirral,NORTH WEST,135,19,1,0,0,0,0,20,0.1,8,2,13,43,2,0,4,0,0,6,0,10
67,B4405,00CC,Barnsley,YORKSHIRE AND THE HUMBER,96,2,2,1,0,0,0,5,0.1,2,3,61,71,1,0,4,0,0,5,0.1,0
68,F4410,00CE,Doncaster,YORKSHIRE AND THE HUMBER,122,16,0,1,0,0,0,17,0.1,1,33,22,73,1,0,3,0,0,4,0,20
72,A4710,00CY,Calderdale,YORKSHIRE AND THE HUMBER,86,4,0,2,0,0,2,8,0.1,1,1,8,18,0,0,25,0,0,25,0.3,0
78,W2465,00FN,Leicester UA,EAST MIDLANDS,121,5,4,1,1,1,3,15,0.1,12,142,1,170,0,43,0,0,0,43,0.4,0
91,F2415,31UD,Harborough,EAST MIDLANDS,34,3,0,0,0,0,0,3,0.1,0,5,1,9,3,0,2,0,0,5,0.1,2
95,L2440,31UJ,Oadby and Wigston,EAST MIDLANDS,23,2,0,0,1,0,0,3,0.1,0,0,0,3,2,8,1,0,0,11,0.5,0
110,W3005,37UB,Ashfield,EAST MIDLANDS,49,3,0,0,0,0,0,3,0.1,1,3,3,10,1,0,0,0,3,4,0.1,0
111,A3010,37UC,Bassetlaw,EAST MIDLANDS,47,7,0,0,0,0,0,7,0.1,4,5,18,34,1,2,0,0,0,3,0.1,0
112,J3015,37UD,Broxtowe,EAST MIDLANDS,48,2,0,0,1,0,0,3,0.1,1,2,6,12,0,0,0,0,2,2,0,0
116,P3040,37UJ,Rushcliffe,EAST MIDLANDS,47,4,0,0,0,0,0,4,0.1,0,3,6,13,0,6,3,0,0,9,0.2,0
125,P3420,41UE,Newcastle-under-Lyme,WEST MIDLANDS,53,3,0,0,0,0,0,3,0.1,1,3,4,11,1,0,1,0,0,2,0,2
140,V4630,00CU,Walsall,WEST MIDLANDS,103,9,0,4,0,2,0,15,0.1,0,1,6,22,0,0,13,0,0,13,0.1,22
171,C1570,22UQ,Uttlesford,EAST of ENGLAND,30,3,0,0,0,0,0,3,0.1,2,0,2,7,1,0,4,0,0,5,0.2,0
172,W1905,26UB,Broxbourne,EAST of ENGLAND,36,1,1,1,0,0,0,3,0.1,3,3,3,12,0,1,10,9,8,28,0.8,0
178,K1935,26UH,Stevenage,EAST of ENGLAND,34,4,0,1,0,0,0,5,0.1,0,1,3,9,0,8,33,0,0,41,1.2,0
220,M5450,00AQ,Harrow,LONDON,86,1,2,1,0,0,1,5,0.1,3,6,51,65,23,31,15,371,2,442,5.1,2
231,R0335,00MA,Bracknell Forest UA,SOUTH EAST,47,5,0,0,0,0,0,5,0.1,4,0,1,10,2,0,9,8,0,19,0.4,6
240,W0340,00MB,West Berkshire UA,SOUTH EAST,61,8,0,0,0,0,1,9,0.1,4,4,3,20,4,1,17,0,2,24,0.4,0
241,T0355,00ME,Windsor and Maidenhead UA,SOUTH EAST,57,3,0,0,0,0,0,3,0.1,0,0,0,3,2,0,0,0,18,20,0.4,0
250,U1430,21UG,Rother,SOUTH EAST,40,6,0,0,0,0,0,6,0.1,1,4,1,12,2,2,0,0,7,11,0.3,0
254,W1715,24UD,Eastleigh,SOUTH EAST,50,4,0,0,0,0,0,4,0.1,3,1,8,16,13,1,4,0,0,18,0.4,2
259,B1740,24UJ,New Forest,SOUTH EAST,76,9,0,0,0,0,0,9,0.1,6,3,8,26,8,4,27,113,0,152,2,0
261,C1760,24UN,Test Valley,SOUTH EAST,47,4,0,0,0,0,0,4,0.1,0,6,6,16,3,0,23,13,0,39,0.8,0
262,L1765,24UP,Winchester,SOUTH EAST,45,3,0,0,0,0,2,5,0.1,1,0,4,10,0,13,3,0,0,16,0.4,0
269,G2245,29UK,Sevenoaks,SOUTH EAST,46,4,0,0,0,0,1,5,0.1,1,0,0,6,1,0,7,0,0,8,0.2,1
270,L2250,29UL,Shepway,SOUTH EAST,44,6,0,0,0,0,0,6,0.1,13,3,18,40,1,8,0,34,0,43,1,0
273,H2265,29UP,Tonbridge and Malling,SOUTH EAST,47,6,0,0,0,0,0,6,0.1,1,3,1,11,0,0,9,0,1,10,0.2,5
274,M2270,29UQ,Tunbridge Wells,SOUTH EAST,45,4,0,0,1,0,0,5,0.1,1,2,2,10,0,0,14,4,3,21,0.5,1
279,D3125,38UF,West Oxfordshire,SOUTH EAST,42,4,0,0,0,0,0,4,0.1,0,0,2,6,0,0,3,0,2,5,0.1,0
280,K3605,43UB,Elmbridge,SOUTH EAST,54,3,0,0,0,0,0,3,0.1,0,6,4,13,3,0,12,0,7,22,0.4,0
283,C3620,43UE,Mole Valley,SOUTH EAST,35,3,0,0,0,0,0,3,0.1,0,0,9,12,3,1,14,0,0,18,0.5,0
284,L3625,43UF,Reigate and Banstead,SOUTH EAST,55,6,0,1,0,0,0,7,0.1,1,4,1,13,4,6,12,2,0,24,0.4,4
297,M3835,45UH,Worthing,SOUTH EAST,47,4,0,0,0,0,0,4,0.1,0,2,0,6,0,0,24,0,9,33,0.7,0
309,X1165,00HH,Torbay UA,SOUTH WEST,61,8,0,0,0,1,0,9,0.1,1,2,18,30,6,11,0,19,0,36,0.6,5
311,U1105,18UB,East Devon,SOUTH WEST,59,6,0,0,0,0,0,6,0.1,8,48,6,68,1,4,8,17,5,35,0.6,0
318,A1150,18UL,West Devon,SOUTH WEST,22,2,0,0,0,0,0,2,0.1,1,1,1,5,2,0,0,0,6,8,0.4,1
320,U1240,19UD,East Dorset,SOUTH WEST,38,--,--,--,--,--,--,3,0.1,--,--,--,--,8,2,0,1,5,16,0.4,1
324,P1235,19UJ,Weymouth and Portland,SOUTH WEST,28,3,0,0,0,0,0,3,0.1,1,3,4,11,3,0,18,27,2,50,1.8,0
325,B1605,23UB,Cheltenham,SOUTH WEST,50,5,1,0,0,0,0,6,0.1,2,0,49,57,7,0,16,0,0,23,0.5,0
15,M2372,00EX,Blackburn with Darwen UA,NORTH WEST,54,1,0,1,0,0,0,2,0,0,4,14,20,0,0,0,0,3,3,0.1,0
19,D0650,00ET,Halton UA,NORTH WEST,49,2,0,0,0,0,0,2,0,3,2,1,8,0,1,0,3,0,4,0.1,23
38,D2320,30UE,Chorley,NORTH WEST,44,0,0,0,0,0,0,0,0,0,0,8,8,0,12,0,0,0,12,0.3,3
39,M2325,30UF,Fylde,NORTH WEST,35,1,0,0,0,0,0,1,0,1,2,0,4,2,0,0,0,5,7,0.2,0
40,R2330,30UG,Hyndburn,NORTH WEST,33,0,0,0,0,0,0,0,0,2,0,4,6,0,2,0,0,0,2,0.1,0
60,M2705,36UB,Craven,YORKSHIRE AND THE HUMBER,24,0,0,0,0,0,0,0,0,1,0,6,7,0,2,1,0,0,3,0.1,0
87,B1035,17UJ,North East Derbyshire,EAST MIDLANDS,42,2,0,0,0,0,0,2,0,0,0,0,2,1,0,7,0,0,8,0.2,3
89,T2405,31UB,Blaby,EAST MIDLANDS,38,0,1,0,0,0,0,1,0,0,0,0,1,2,0,0,0,0,2,0.1,0
194,J3530,42UG,Suffolk Coastal,EAST of ENGLAND,54,0,0,0,0,0,0,0,0,1,0,0,1,0,0,4,0,0,4,0.1,0
242,X0360,00MF,Wokingham UA,SOUTH EAST,62,3,0,0,0,0,0,3,0,6,2,1,12,3,2,3,0,6,14,0.2,2
247,T1410,21UC,Eastbourne,SOUTH EAST,44,1,0,0,0,0,0,1,0,12,3,7,23,3,7,0,6,10,26,0.6,0
252,H1705,24UB,Basingstoke and Deane,SOUTH EAST,67,0,0,0,0,0,0,0,0,3,3,1,7,0,0,2,2,0,4,0.1,0
257,N1730,24UG,Hart,SOUTH EAST,36,0,0,0,0,0,0,0,0,1,0,1,2,0,0,2,0,0,2,0.1,0
277,Q3115,38UD,South Oxfordshire,SOUTH EAST,54,2,0,0,0,0,0,2,0,3,0,5,10,0,0,11,0,1,12,0.2,0
281,P3610,43UC,Epsom and Ewell,SOUTH EAST,29,1,0,0,0,0,0,1,0,2,0,16,19,22,0,3,0,7,32,1.1,0
282,Y3615,43UD,Guildford,SOUTH EAST,54,2,0,0,0,0,0,2,0,2,1,3,8,0,0,8,0,1,9,0.2,0
286,Z3635,43UH,Spelthorne,SOUTH EAST,39,1,0,0,0,0,0,1,0,2,0,0,3,7,0,0,0,0,7,0.2,0
288,M3645,43UK,Tandridge,SOUTH EAST,33,1,0,0,0,0,0,1,0,0,0,2,3,0,3,13,0,0,16,0.5,0
289,R3650,43UL,Waverley,SOUTH EAST,48,0,0,0,0,0,0,0,0,1,0,0,1,0,0,2,0,0,2,0,0
290,A3655,43UM,Woking,SOUTH EAST,38,1,0,0,0,0,0,1,0,0,0,0,1,3,19,2,4,0,28,0.7,0
319,E1210,19UC,Christchurch,SOUTH WEST,21,--,--,--,--,--,--,1,0,--,--,--,--,3,0,3,2,8,16,1,6
329,C1625,23UF,Stroud,SOUTH WEST,47,1,1,0,0,0,0,2,0,1,0,6,9,2,0,0,1,2,5,0.1,2
